ID course,Événement,Parcours,Prix (€),Tarif de l’édition,Source
EVT018-A,"Trail des Brosses","TDB 35",37,2026,https://www.betrail.run/race/tdb.-.trail.des.brosses/2026/overview
EVT018-B,"Trail des Brosses","TDB 22",25,2026,https://www.betrail.run/race/tdb.-.trail.des.brosses/2026/overview
EVT019-A,"Topo Athletic Bibracte Ultra-Trail®","L'ultra des druides",160,2026,https://www.bibracteultratrail.fr/infos-pratiques-courses
EVT019-B,"Topo Athletic Bibracte Ultra-Trail®","Le grand trail des vergobrets",90,2026,https://www.bibracteultratrail.fr/infos-pratiques-courses
EVT019-C,"Topo Athletic Bibracte Ultra-Trail®","La balade de Dumnorix",50,2026,https://www.bibracteultratrail.fr/infos-pratiques-courses
EVT019-D,"Topo Athletic Bibracte Ultra-Trail®","La Gran'Canche",25,2026,https://www.bibracteultratrail.fr/infos-pratiques-courses
EVT024-B,"Trail du lac d'Éguzon","La fileuse",35,2026,https://traildulacdeguzon.fr/lescourses
EVT024-C,"Trail du lac d'Éguzon","La Châtaigne",20,2026,https://traildulacdeguzon.fr/lescourses
EVT025-A,"THP winter","W100",120,2026,https://mythp.fr/reglement-winter/
EVT025-B,"THP winter","W70",90,2026,https://mythp.fr/reglement-winter/
EVT025-C,"THP winter","W70 relai",50,2026,https://mythp.fr/reglement-winter/
EVT025-D,"THP winter","W45",65,2026,https://mythp.fr/reglement-winter/
EVT025-E,"THP winter","W30",50,2026,https://mythp.fr/reglement-winter/
EVT025-F,"THP winter","W15",25,2026,https://mythp.fr/reglement-winter/
EVT029-A,"Madeloc Skytrail","Défi XL de Madeloc",60,2026,https://oleno.fr/courses/madeloc-skytrail
EVT029-B,"Madeloc Skytrail","Trail des Crêtes",45,2026,https://oleno.fr/courses/madeloc-skytrail
EVT029-D,"Madeloc Skytrail","Trail de Madeloc",30,2026,https://oleno.fr/courses/madeloc-skytrail
EVT029-E,"Madeloc Skytrail","Trail de la mer",15,2026,https://oleno.fr/courses/madeloc-skytrail
EVT032-A,"Trail de Saint-Cyr-sur-Mer","TRAIL DU LITTORAL",33,2026,https://chronosports.fr/evenement/trailstcyr-2026/
EVT034-F,"Hivernale des Templiers","LA CARLINE",15,2026,https://dossardscore.com/hivernale-des-templiers-la-carline/
EVT035-A,"Les 40 Bosses","LES 40 BOSSES - 120 Km",110,2026,https://www.finishers.com/en/event/trail-les-40-bosses
EVT035-B,"Les 40 Bosses","LES 40 BOSSES - 75 KM",80,2026,https://www.finishers.com/en/event/trail-les-40-bosses
EVT035-C,"Les 40 Bosses","Les 40 bosses - 45km",50,2026,https://www.finishers.com/en/event/trail-les-40-bosses
EVT035-D,"Les 40 Bosses","LES 40 BOSSES - 20km",30,2026,https://www.finishers.com/en/event/trail-les-40-bosses
EVT039-J,"Trail de Haute Provence","THP80",80,2027,https://mythp.fr/thp-summer/thp80/
EVT039-L,"Trail de Haute Provence","THP50",56,2027,https://mythp.fr/thp-summer/thp80/
EVT039-N,"Trail de Haute Provence","THP20",32,2027,https://mythp.fr/thp-summer/thp80/
EVT039-O,"Trail de Haute Provence","THP10",20,2027,https://mythp.fr/thp-summer/thp80/
EVT041-A,"Championnat du Canigou","kv de bon aigue",17,2026,https://www.jds.fr/prades/activite-experience/ateliers/championnat-du-canigo-768970_A
EVT041-B,"Championnat du Canigou","DEFI DES 3 PICS",80,2026,https://www.jds.fr/prades/activite-experience/ateliers/championnat-du-canigo-768970_A
EVT041-C,"Championnat du Canigou","COMBO KV BON AIGUES ET MATTES ROUGES",42,2026,https://www.jds.fr/prades/activite-experience/ateliers/championnat-du-canigo-768970_A
EVT041-G,"Championnat du Canigou","DOUBLE kv DU CANIGOU",27,2026,https://www.jds.fr/prades/activite-experience/ateliers/championnat-du-canigo-768970_A
EVT042-A,"Trail Hivernal des Coursières","Le 33km",33,2027,https://www.traildescoursieres.fr/trail-hivernal-des-coursieres/
EVT044-A,"Trail D2B","Marathon des Plages",29,2027,https://traildes2baies.fr/
EVT044-B,"Trail D2B","Moyenne distance",25,2027,https://traildes2baies.fr/
EVT045-A,"La Romagnatoise","Romagnatorix",14,2027,https://asromagnat-athletisme.fr/romagnatoise.html
EVT045-B,"La Romagnatoise","Ultraraccourcix",10,2027,https://asromagnat-athletisme.fr/romagnatoise.html
EVT045-C,"La Romagnatoise","Le trail du Golloix",48,2027,https://asromagnat-athletisme.fr/romagnatoise.html
EVT045-D,"La Romagnatoise","La ronde des plateaux",44,2027,https://asromagnat-athletisme.fr/romagnatoise.html
EVT045-E,"La Romagnatoise","L'assaut de Gergovie",25,2027,https://asromagnat-athletisme.fr/romagnatoise.html
EVT048-A,"Trail Givré","TRAIL GIVRE",23,2026,https://www.trailgivre.com/inscription
EVT052-A,"Nîmes Urban Trail","42 KM",48,2027,https://www.finishers.com/en/event/nimes-urban-trail
EVT052-B,"Nîmes Urban Trail","24 KM",33,2027,https://www.finishers.com/en/event/nimes-urban-trail
EVT052-C,"Nîmes Urban Trail","16 KM",27,2027,https://www.finishers.com/en/event/nimes-urban-trail
EVT052-D,"Nîmes Urban Trail","10 KM",24,2027,https://www.finishers.com/en/event/nimes-urban-trail
EVT056-A,"Trail de Vulcain","Ultra Volcanique",80,2027,https://www.trail-de-vulcain.fr/les-courses-et-inscriptions
EVT056-B,"Trail de Vulcain","Marathon Volcanique",54,2027,https://www.trail-de-vulcain.fr/les-courses-et-inscriptions
EVT056-C,"Trail de Vulcain","Riom Limagne & Volcans",33,2027,https://www.trail-de-vulcain.fr/les-courses-et-inscriptions
EVT059-A,"Trail Bleu","La Sanglier",35,2027,https://trailbleu.org/
EVT062-A,"Salomon EcoTrail Paris - Printemps","Trail 120km",180,2027,https://www.betrail.run/race/ecotrail.paris/2027/overview
EVT062-B,"Salomon EcoTrail Paris - Printemps","Trail 80km",102,2027,https://www.betrail.run/race/ecotrail.paris/2027/overview
EVT062-C,"Salomon EcoTrail Paris - Printemps","Trail 45km",76,2027,https://www.betrail.run/race/ecotrail.paris/2027/overview
EVT062-D,"Salomon EcoTrail Paris - Printemps","Trail 30 km",56,2027,https://www.betrail.run/race/ecotrail.paris/2027/overview
EVT062-E,"Salomon EcoTrail Paris - Printemps","Trail 35km",62,2027,https://www.betrail.run/race/ecotrail.paris/2027/overview
EVT062-F,"Salomon EcoTrail Paris - Printemps","Trail 20km",40,2027,https://www.betrail.run/race/ecotrail.paris/2027/overview
EVT065-A,"Trail du Ventoux","ultra tour du ventoux",145,2027,https://trailduventoux.fr/inscriptions-2026/
EVT065-B,"Trail du Ventoux","Intégrale des crêtes",78,2027,https://trailduventoux.fr/inscriptions-2026/
EVT065-C,"Trail du Ventoux","Evasion Baronnie Ventoux",68,2027,https://trailduventoux.fr/inscriptions-2026/
EVT065-D,"Trail du Ventoux","AOC Ventoux",18,2027,https://trailduventoux.fr/inscriptions-2026/
EVT065-E,"Trail du Ventoux","L ORIGINE",55,2027,https://trailduventoux.fr/inscriptions-2026/
EVT065-F,"Trail du Ventoux","BALCONS DU VENTOUX",33,2027,https://trailduventoux.fr/inscriptions-2026/
EVT077-A,"Trail du Pays d'Argonne","Trail du Pays d'Argonne",35,2026,https://www.traildupaysdargonne.fr/tdpa/
EVT078-A,"Grand Raid Ventoux by UTMB","Ultra Géant de Provence - UGP",196,2027,https://ventoux.utmb.world/registration-conditions
EVT078-B,"Grand Raid Ventoux by UTMB","Grande Epopée Ventoux - GEV",144,2027,https://ventoux.utmb.world/registration-conditions
EVT078-C,"Grand Raid Ventoux by UTMB","Trail des Coteaux - TDC",41,2027,https://ventoux.utmb.world/registration-conditions
EVT078-D,"Grand Raid Ventoux by UTMB","Mistral Marathon Trail - MMT",65,2027,https://ventoux.utmb.world/registration-conditions
EVT080-A,"Trail du Grand Ballon","Trail du Grand Ballon 75km",109,2026,https://www.jds.fr/mulhouse/sports/courses/trail-du-markstein-oderen-120624_A
EVT080-B,"Trail du Grand Ballon","Trail du Grand Ballon 62km",99,2026,https://www.jds.fr/mulhouse/sports/courses/trail-du-markstein-oderen-120624_A
EVT080-C,"Trail du Grand Ballon","Trail du Grand Ballon 48km",79,2026,https://www.jds.fr/mulhouse/sports/courses/trail-du-markstein-oderen-120624_A
EVT080-D,"Trail du Grand Ballon","TRAIL DU GRAND BALLON 36KM",59,2026,https://www.jds.fr/mulhouse/sports/courses/trail-du-markstein-oderen-120624_A
EVT080-E,"Trail du Grand Ballon","Trail du Grand Ballon 31km",52,5,2026,https://www.jds.fr/mulhouse/sports/courses/trail-du-markstein-oderen-120624_A
EVT080-F,"Trail du Grand Ballon","Trail du Grand Ballon 26km",45,2026,https://www.jds.fr/mulhouse/sports/courses/trail-du-markstein-oderen-120624_A
EVT080-G,"Trail du Grand Ballon","Trail du Grand Ballon 21km",37,5,2026,https://www.jds.fr/mulhouse/sports/courses/trail-du-markstein-oderen-120624_A
EVT085-A,"Trail de Quillan","Tremplin",44,2027,https://www.trail-quillan.com/
EVT085-B,"Trail de Quillan","TIGNOUS",32,2027,https://www.trail-quillan.com/
EVT085-C,"Trail de Quillan","CAPIO",23,2027,https://www.trail-quillan.com/
EVT086-A,"Ultra-Trail des Coursières","Le 160 km des Coursières",160,2027,https://www.traildescoursieres.fr/ultra-trail-des-coursieres/
EVT086-B,"Ultra-Trail des Coursières","Le 100 km des Coursières",100,2027,https://www.traildescoursieres.fr/ultra-trail-des-coursieres/
EVT086-C,"Ultra-Trail des Coursières","Le 50 km des Coursières",50,2027,https://www.traildescoursieres.fr/ultra-trail-des-coursieres/
EVT086-D,"Ultra-Trail des Coursières","Le 24 km des Coursières",25,2027,https://www.traildescoursieres.fr/ultra-trail-des-coursieres/
EVT087-B,"Trail des Forts de Besançon","42KM",46,2027,https://www.finishers.com/en/event/besancon-forts-trail
EVT087-E,"Trail des Forts de Besançon","22KM",25,2027,https://www.finishers.com/en/event/besancon-forts-trail
EVT087-H,"Trail des Forts de Besançon","11KM",15,2027,https://www.finishers.com/en/event/besancon-forts-trail
EVT088-A,"Trail Alsace by UTMB","Ultra-Trail des Chevaliers",275,2027,https://reference-trail.fr/trail-alsace-grand-est-by-utmb-les-prix-et-tarifs-pour-participer/
EVT088-B,"Trail Alsace by UTMB","Ultra-Trail des Païens",210,2027,https://reference-trail.fr/trail-alsace-grand-est-by-utmb-les-prix-et-tarifs-pour-participer/
EVT088-C,"Trail Alsace by UTMB","Trail des Pèlerins",55,2027,https://reference-trail.fr/trail-alsace-grand-est-by-utmb-les-prix-et-tarifs-pour-participer/
EVT088-D,"Trail Alsace by UTMB","Ronde des Pages",35,2027,https://reference-trail.fr/trail-alsace-grand-est-by-utmb-les-prix-et-tarifs-pour-participer/
EVT088-F,"Trail Alsace by UTMB","Trail des Celtes",140,2027,https://reference-trail.fr/trail-alsace-grand-est-by-utmb-les-prix-et-tarifs-pour-participer/
EVT095-A,"Traversée des Dentelles de Montmirail","Traversée des Dentelles",25,2027,https://www.finishers.com/en/event/traversee-des-dentelles-gigondas
EVT095-B,"Traversée des Dentelles de Montmirail","Marathon des Dentelles",45,2027,https://www.finishers.com/en/event/traversee-des-dentelles-gigondas
EVT099-A,"Trail du Saint-Jacques by UTMB®","Ultra du Saint Jacques - 100M",220,2027,https://saint-jacques.utmb.world/races-runners/other-information/registration-conditions
EVT099-B,"Trail du Saint-Jacques by UTMB®","Grand Trail du Saint Jacques - 100K",150,2027,https://saint-jacques.utmb.world/races-runners/other-information/registration-conditions
EVT099-C,"Trail du Saint-Jacques by UTMB®","Le 12 du Dolaizon",25,2027,https://saint-jacques.utmb.world/races-runners/other-information/registration-conditions
EVT099-D,"Trail du Saint-Jacques by UTMB®","Monistrail - 50K",105,2027,https://saint-jacques.utmb.world/races-runners/other-information/registration-conditions
EVT099-E,"Trail du Saint-Jacques by UTMB®","Les Chibottes - 20K",40,2027,https://saint-jacques.utmb.world/races-runners/other-information/registration-conditions
EVT103-A,"Marathon du Mont-Blanc","90 Km du Mont-Blanc",140,2026,https://www.marathonmontblanc.fr/en/runners/registration
EVT103-B,"Marathon du Mont-Blanc","Km Vertical",37,2026,https://www.marathonmontblanc.fr/en/runners/registration
EVT103-C,"Marathon du Mont-Blanc","23 Km du Mont-Blanc",50,2026,https://www.marathonmontblanc.fr/en/runners/registration
EVT103-D,"Marathon du Mont-Blanc","Duo étoilé",85,2026,https://www.marathonmontblanc.fr/en/runners/registration
EVT103-E,"Marathon du Mont-Blanc","Young Race Marathon U20",30,2026,https://www.marathonmontblanc.fr/en/runners/registration
EVT103-F,"Marathon du Mont-Blanc","10 Km du Mont-Blanc",32,2026,https://www.marathonmontblanc.fr/en/runners/registration
EVT103-G,"Marathon du Mont-Blanc","Young Race Marathon U18",30,2026,https://www.marathonmontblanc.fr/en/runners/registration
EVT103-H,"Marathon du Mont-Blanc","42 Km du Mont-Blanc",80,2026,https://www.marathonmontblanc.fr/en/runners/registration
EVT104-A,"Trail du Salève","LA CROISETTE",41,2025,https://www.traildusaleve.fr/tarifs
EVT104-B,"Trail du Salève","LES PITONS",32,2025,https://www.traildusaleve.fr/tarifs
EVT104-C,"Trail du Salève","LA THUILE",26,2025,https://www.traildusaleve.fr/tarifs
EVT105-A,"La Montagn'Hard","LA MOINS'HARD",70,2026,https://www.jds.fr/saint-gervais-les-bains/sports/la-montagn-hard-19eme-edition-1384698_A
EVT105-B,"La Montagn'Hard","Bifurcation sur la Mi'Hard (100-50)",50,2026,https://www.jds.fr/saint-gervais-les-bains/sports/la-montagn-hard-19eme-edition-1384698_A
EVT105-C,"La Montagn'Hard","La Mi'hard",50,2026,https://www.jds.fr/saint-gervais-les-bains/sports/la-montagn-hard-19eme-edition-1384698_A
EVT106-A,"Restonica Trail by UTMB","UTC100M",190,2026,https://www.visit-corsica.com/fr/La-destination-Corse/Inspirations-corses/Inspirations-sport-et-nature/Restonica-Trail-by-UTMB-2026-dans-les-entrailles-de-la-montagne-corse
EVT106-B,"Restonica Trail by UTMB","GT20K",45,2026,https://www.visit-corsica.com/fr/La-destination-Corse/Inspirations-corses/Inspirations-sport-et-nature/Restonica-Trail-by-UTMB-2026-dans-les-entrailles-de-la-montagne-corse
EVT106-C,"Restonica Trail by UTMB","RT100K",140,2026,https://www.visit-corsica.com/fr/La-destination-Corse/Inspirations-corses/Inspirations-sport-et-nature/Restonica-Trail-by-UTMB-2026-dans-les-entrailles-de-la-montagne-corse
EVT106-D,"Restonica Trail by UTMB","TT50K",90,2026,https://www.visit-corsica.com/fr/La-destination-Corse/Inspirations-corses/Inspirations-sport-et-nature/Restonica-Trail-by-UTMB-2026-dans-les-entrailles-de-la-montagne-corse
EVT110-A,"Ventoux by night","Ventoux by night",21,2026,https://ventouxbynight.fr/
EVT159-A,"Grand Trail Nocturne des Hauts-De-France","Trail 61 km",27,2026,https://laboducoureur.fr/calendrier-trail/gtn-grand-trail-nocturne-des-hauts-de-france/
EVT159-B,"Grand Trail Nocturne des Hauts-De-France","Trail 36 km",16,2026,https://laboducoureur.fr/calendrier-trail/gtn-grand-trail-nocturne-des-hauts-de-france/
EVT159-C,"Grand Trail Nocturne des Hauts-De-France","Trail 28 km",14,2026,https://laboducoureur.fr/calendrier-trail/gtn-grand-trail-nocturne-des-hauts-de-france/
EVT159-D,"Grand Trail Nocturne des Hauts-De-France","Trail 16 km",12,2026,https://laboducoureur.fr/calendrier-trail/gtn-grand-trail-nocturne-des-hauts-de-france/
EVT175-A,"Gère ta boucle","Trail 185 km",100,2026,https://protiming.fr/Runnings/detail/8362-Gere-Ta-Boucle
EVT175-B,"Gère ta boucle","Trail 90 km",45,2026,https://protiming.fr/Runnings/detail/8362-Gere-Ta-Boucle
EVT175-C,"Gère ta boucle","Trail 48 km",35,2026,https://protiming.fr/Runnings/detail/8362-Gere-Ta-Boucle
EVT175-D,"Gère ta boucle","Trail 24 km",25,2026,https://protiming.fr/Runnings/detail/8362-Gere-Ta-Boucle
EVT178-A,"Tour du Mont Genezet","Trail 25,4 km",20,2026,https://www.finishers.com/course/tour-du-mont-genezet
EVT178-D,"Tour du Mont Genezet","Trail 10,4 km",12,2026,https://www.finishers.com/course/tour-du-mont-genezet
EVT179-A,"Trail du boudin","Trail 30 km",25,2026,https://www.logicourse.fr/inscriptions-3/1072-boen26.html
EVT179-B,"Trail du boudin","Trail 22 km",17,2026,https://www.logicourse.fr/inscriptions-3/1072-boen26.html
EVT179-D,"Trail du boudin","Trail 10,5 km",8,2026,https://www.logicourse.fr/inscriptions-3/1072-boen26.html
EVT199-A,"Course Saint-Cheffoise","Trail 44 km",40,2026,https://www.course-saint-cheffoise.fr/les-courses
EVT199-B,"Course Saint-Cheffoise","Trail 24 km",20,2026,https://www.course-saint-cheffoise.fr/les-courses
EVT199-C,"Course Saint-Cheffoise","Trail 15 km",17,2026,https://www.course-saint-cheffoise.fr/les-courses
EVT199-D,"Course Saint-Cheffoise","Trail 10 km",13,2026,https://www.course-saint-cheffoise.fr/les-courses
EVT215-A,"Trail de Brech","Trail 25 km",17,2,2026,https://www.klikego.com/inscription/trail-de-brech-2026/running-course-a-pied-marche-nordique/1471379362162-20
EVT215-C,"Trail de Brech","Trail 14 km",13,2026,https://www.klikego.com/inscription/trail-de-brech-2026/running-course-a-pied-marche-nordique/1471379362162-20
EVT215-E,"Trail de Brech","Trail 9,5 km",11,2026,https://www.klikego.com/inscription/trail-de-brech-2026/running-course-a-pied-marche-nordique/1471379362162-20
EVT242-A,"Trail tro bro Melrant","Trail 65 km",30,2026,https://sport.ikinoa.com/fr/evt/trailtrobromelrant
EVT242-B,"Trail tro bro Melrant","Trail 45 km",20,2026,https://sport.ikinoa.com/fr/evt/trailtrobromelrant
EVT242-C,"Trail tro bro Melrant","Trail 25 km",12,2026,https://sport.ikinoa.com/fr/evt/trailtrobromelrant
EVT242-D,"Trail tro bro Melrant","Trail 15 km",10,2026,https://sport.ikinoa.com/fr/evt/trailtrobromelrant
EVT242-E,"Trail tro bro Melrant","Trail 7,5 km",8,2026,https://sport.ikinoa.com/fr/evt/trailtrobromelrant
EVT243-A,"Endurance trail de bellefontaine","Trail 53,76 km",40,2026,https://www.le-sportif.com/calendrier/223579/endurance-trail-de-bellefontaine-2026-champigneulles/trail-course-nature
EVT243-B,"Endurance trail de bellefontaine","Trail 27 km",20,2026,https://www.le-sportif.com/calendrier/223579/endurance-trail-de-bellefontaine-2026-champigneulles/trail-course-nature
EVT243-E,"Endurance trail de bellefontaine","Trail 14 km",12,2026,https://www.le-sportif.com/calendrier/223579/endurance-trail-de-bellefontaine-2026-champigneulles/trail-course-nature
EVT291-A,"Trail de la Vallée de l'Airon","Trail 28 km",24,2026,https://nextrun.fr/events/trail-de-la-vallee-de-l-airon
EVT291-B,"Trail de la Vallée de l'Airon","Trail 19 km",18,2026,https://nextrun.fr/events/trail-de-la-vallee-de-l-airon
EVT291-E,"Trail de la Vallée de l'Airon","Trail 9 km",11,2026,https://nextrun.fr/events/trail-de-la-vallee-de-l-airon
EVT317-A,"La Foetadenn","Trail 22 km",16,2026,https://sport.ikinoa.com/fr/evt/lafoetadenn2026
EVT317-C,"La Foetadenn","Trail 13 km",12,2026,https://sport.ikinoa.com/fr/evt/lafoetadenn2026
EVT317-F,"La Foetadenn","Trail 7 km",9,2026,https://sport.ikinoa.com/fr/evt/lafoetadenn2026
EVT331-A,"Henantrail","Trail 26 km",20,2026,https://www.klikego.com/inscription/henantrail-2026/running-course-a-pied/1473379875401-9
EVT331-B,"Henantrail","Trail 16 km",15,2026,https://www.klikego.com/inscription/henantrail-2026/running-course-a-pied/1473379875401-9
EVT378-A,"SaintéLyon","Trail 164 km",235,2026,https://reference-trail.fr/saintelyon-2026-quel-prix-pour-participer/
EVT378-B,"SaintéLyon","Trail 82 km",125,2026,https://reference-trail.fr/saintelyon-2026-quel-prix-pour-participer/
EVT378-C,"SaintéLyon","Trail 45 km",78,2026,https://reference-trail.fr/saintelyon-2026-quel-prix-pour-participer/
EVT378-D,"SaintéLyon","Trail 24 km",50,2026,https://reference-trail.fr/saintelyon-2026-quel-prix-pour-participer/
EVT378-E,"SaintéLyon","Trail 13 km",30,2026,https://reference-trail.fr/saintelyon-2026-quel-prix-pour-participer/
EVT418-A,"Transmartinique","Trail 134 km",150,2026,https://www.betrail.run/race/la.transmartinique/2026/overview
EVT418-B,"Transmartinique","Trail 80 km",88,2026,https://www.betrail.run/race/la.transmartinique/2026/overview
EVT418-C,"Transmartinique","Trail 58 km",65,2026,https://www.betrail.run/race/la.transmartinique/2026/overview
EVT418-E,"Transmartinique","Trail 33 km",40,2026,https://www.betrail.run/race/la.transmartinique/2026/overview
EVT418-F,"Transmartinique","Trail 19 km",25,2026,https://www.betrail.run/race/la.transmartinique/2026/overview
EVT445-A,"Menestrail","Trail 100 km",60,2,2026,https://www.klikego.com/inscription/menestrail-2026/course-a-pied-running/1472150551876-14
EVT445-B,"Menestrail","Trail 54 km",30,2026,https://www.klikego.com/inscription/menestrail-2026/course-a-pied-running/1472150551876-14
EVT449-A,"Xkern trail des gorges de la daronne","Trail 40 km",30,2025,https://www.finishers.com/course/xkern-trail-des-gorges-de-la-daronne
EVT449-B,"Xkern trail des gorges de la daronne","Trail 30 km",25,2025,https://www.finishers.com/course/xkern-trail-des-gorges-de-la-daronne
EVT449-C,"Xkern trail des gorges de la daronne","Trail 22 km",20,2025,https://www.finishers.com/course/xkern-trail-des-gorges-de-la-daronne
EVT449-E,"Xkern trail des gorges de la daronne","Trail 7 km",8,2025,https://www.finishers.com/course/xkern-trail-des-gorges-de-la-daronne
EVT638-G,"Trail de pecharmant","Trail 7 km",8,2026,https://www.klikego.com/inscription/trail-du-pecharmant-2026/running-course-a-pied/1726102705683-2
EVT692-C,"Trail Chantelle sports nature","La Grand Chaume des Bouis 20 km",20,2026,https://www.chantellesportsnature.com/nos-organisations/informations/
EVT790-A,"Grand Raid Kiprun 3 Vallées Moûtiers","Trail 165 km",180,2026,https://www.grandraid-3vallees.com/fr/ultra-165/
EVT790-D,"Grand Raid Kiprun 3 Vallées Moûtiers","Trail 45 km",50,2026,https://www.grandraid-3vallees.com/fr/ultra-165/
EVT872-A,"Las Quatras Cabanas","Las Quatras Cabanas 34 km",35,2026,https://chrono-start.com/events/las-quatras-cabanas/
EVT872-B,"Las Quatras Cabanas","Las Quatras Cabanas 25 km",25,2026,https://chrono-start.com/events/las-quatras-cabanas/
EVT872-C,"Las Quatras Cabanas","Las Quatras Cabanas 13 km",15,2026,https://chrono-start.com/events/las-quatras-cabanas/
EVT885-A,"Trail de Lavault-Sainte-Anne et Montluçon Communauté","Trail 44 km",40,2025,https://www.klikego.com/inscription/17eme-trail-de-lavault-ste-anne-et-de-montlucon-communaute-03-2025/running-course-a-pied/1362022700551-11
EVT885-B,"Trail de Lavault-Sainte-Anne et Montluçon Communauté","Trail 36 km",33,2025,https://www.klikego.com/inscription/17eme-trail-de-lavault-ste-anne-et-de-montlucon-communaute-03-2025/running-course-a-pied/1362022700551-11
EVT885-C,"Trail de Lavault-Sainte-Anne et Montluçon Communauté","Trail 32 km",33,2025,https://www.klikego.com/inscription/17eme-trail-de-lavault-ste-anne-et-de-montlucon-communaute-03-2025/running-course-a-pied/1362022700551-11
EVT885-D,"Trail de Lavault-Sainte-Anne et Montluçon Communauté","Trail 28 km",29,2025,https://www.klikego.com/inscription/17eme-trail-de-lavault-ste-anne-et-de-montlucon-communaute-03-2025/running-course-a-pied/1362022700551-11
EVT885-E,"Trail de Lavault-Sainte-Anne et Montluçon Communauté","Trail 24 km",25,2025,https://www.klikego.com/inscription/17eme-trail-de-lavault-ste-anne-et-de-montlucon-communaute-03-2025/running-course-a-pied/1362022700551-11
EVT885-F,"Trail de Lavault-Sainte-Anne et Montluçon Communauté","Trail 16 km",19,2025,https://www.klikego.com/inscription/17eme-trail-de-lavault-ste-anne-et-de-montlucon-communaute-03-2025/running-course-a-pied/1362022700551-11
EVT888-B,"Ultra Selle Pied","50 km",34,2026,https://contysellepied.fr/programme/
EVT888-D,"Ultra Selle Pied","22 km",21,2026,https://contysellepied.fr/programme/
